<?xml version='1.0' encoding='utf-8'?>
<!DOCTYPE hibernate-configuration PUBLIC
        "-//Hibernate/Hibernate Configuration DTD//EN"
        "http://www.hibernate.org/dtd/hibernate-configuration-3.0.dtd">

<hibernate-configuration>
    <session-factory>
        <!-- Database connection settings -->
        <property name="hibernate.connection.driver_class">com.mysql.jdbc.Driver</property>
        <property name="hibernate.connection.url">jdbc:mysql://localhost:3306/users</property>
        <property name="hibernate.connection.username">root</property>
        <property name="hibernate.connection.password">22Zyf2001</property>
        <!-- JDBC connection pool (use the built-in) -->
        <property name="hibernate.connection.pool_size">100</property>
        <!-- Echo all executed SQL to stdout -->
        <property name="show_sql">true</property>
        <!-- SQL dialect -->
        <property name="dialect">org.hibernate.dialect.MySQLDialect</property>
        <property name="hibernate.current_session_context_class">thread</property>
        <property name="hibernate.connection.CharSet">utf8</property>
        <property name="hibernate.connection.characterEncoding">utf8</property>
        <property name="hibernate.connection.useUnicode">true</property>


    </session-factory>
</hibernate-configuration>